Id,From,To,Value,Currency,ExternalId,Name,ShortDescription,Description
bd27185c-9729-458b-ac1a-150853f006ad,01/01/2023,01/02/2023,100,EUR,,East Doloresstad apartment,,
981e3d1c-dff2-48cc-857c-8f34402687f8,01/01/2023,01/02/2023,100,EUR,,Mabelmouth apartment,,
cc426b82-4bdb-4151-96c5-1b826af3060d,01/01/2023,01/02/2023,100,EUR,,Lake Garret apartment,,
fea7019e-9db8-4759-84b9-df2c71153d93,01/01/2023,01/02/2023,100,EUR,,North Arliebury apartment,,
59d501f1-58a6-466c-83c0-fec121937f82,01/01/2023,01/02/2023,100,EUR,,Aylahaven apartment,,
28f1312d-b2b6-4f95-9cf0-fe76509c2ad5,01/01/2023,01/02/2023,100,EUR,,Karianebury apartment,,
8a3108dc-729e-4862-9164-78b80bb4114a,01/01/2023,01/02/2023,100,EUR,,South Joanny apartment,,
56232ddb-ee03-4b84-93a5-dbd500ed15b0,01/01/2023,01/02/2023,100,EUR,,Steuberberg apartment,,
01226102-7818-4057-9dd2-21d163899c08,01/01/2023,01/02/2023,100,EUR,,Gusikowskishire apartment,,
3e8a4e83-906b-4a03-925c-075797473366,01/01/2023,01/02/2023,100,EUR,,Madelynfort apartment,,
c0e94a2b-adb2-43af-a0e5-0efe896c42fe,01/01/2023,01/02/2023,100,EUR,,Lebsackport apartment,,
0277255c-cae9-490d-be23-54c4a555236a,01/01/2023,01/02/2023,100,EUR,,West Blair apartment,,
0f4e2605-ec1d-4c1f-8282-29bdff47fa1c,01/01/2023,01/02/2023,100,EUR,,Aufderharport apartment,,
5fb6420a-ca57-42c1-8490-bb21fbcb8505,01/01/2023,01/02/2023,100,EUR,,New Alethachester apartment,,
c82a5c1b-036f-4e33-8f86-ddd3dd9c076c,01/01/2023,01/02/2023,100,EUR,,Steuberton apartment,,
1f4019c6-4c44-4a52-bd7d-3b6222a22554,01/01/2023,01/02/2023,100,EUR,,West Ernest apartment,,
55d47941-a382-49d4-81b1-dff95b1f87a1,01/01/2023,01/02/2023,100,EUR,,New Trebury apartment,,
96f99bcb-d1a1-4419-a589-375c9cfbf70d,01/01/2023,01/02/2023,100,EUR,,East Miguelland apartment,,
e37d34c1-0e0d-4818-b608-79ba7ce0126f,01/01/2023,01/02/2023,100,EUR,,Isabellaton apartment,,
a41602d3-edbb-43dd-86a9-ff64d79e224f,01/01/2023,01/02/2023,100,EUR,,Devynmouth apartment,,
decc951a-079a-409d-9152-b82af3d8a5d7,01/01/2023,01/02/2023,100,EUR,,Lake Reubenchester apartment,,
c49c3123-3a70-41a0-832e-72a801265e80,01/01/2023,01/02/2023,100,EUR,,Adamsfurt apartment,,
a8dac5e7-9233-43d3-8837-c77aa9096235,01/01/2023,01/02/2023,100,EUR,,Ullrichmouth apartment,,
32aa67aa-83c2-4e33-a3af-3cb5cf23fa49,01/01/2023,01/02/2023,100,EUR,,Cassandraborough apartment,,
bb9901a0-39c9-4e94-978d-97e6a7347266,01/01/2023,01/02/2023,100,EUR,,Adriannabury apartment,,
21358327-4f7d-4164-8e52-7b49ff49338b,01/01/2023,01/02/2023,100,EUR,,Mayertton apartment,,
514a4034-fc94-47dd-a982-1f2b3c56f188,01/01/2023,01/02/2023,100,EUR,,Altenwerthbury apartment,,
ac495c61-754a-4847-8bbe-15b21be278cf,01/01/2023,01/02/2023,100,EUR,,Daphneystad apartment,,
f3d81151-2018-480d-9f5c-6e670a26095a,01/01/2023,01/02/2023,100,EUR,,Phyllisfurt apartment,,
d975fe02-159a-495c-9ca9-1c596d98c8ff,01/01/2023,01/02/2023,100,EUR,,Mooreshire apartment,,
7e519465-05fd-4548-a21d-51e5c325552b,01/01/2023,01/02/2023,100,EUR,,North Donnell apartment,,
9f9e6f79-ed2c-4a7a-9231-2c6f7787d0eb,01/01/2023,01/02/2023,100,EUR,,Kirlinbury apartment,,
795e1e6e-2359-4f85-bdd8-00f041ee0841,01/01/2023,01/02/2023,100,EUR,,Enaville apartment,,
25d4a6a5-b166-40e7-8672-1694c03a52dc,01/01/2023,01/02/2023,100,EUR,,Freddyside apartment,,
621aa4ec-6b1f-407f-9b27-f5be29b27de1,01/01/2023,01/02/2023,100,EUR,,Lake Denisview apartment,,
e8818ca3-d07a-4b29-a398-41e67a3e71f4,01/01/2023,01/02/2023,100,EUR,,Schadenberg apartment,,
f8267399-1bc2-413c-a656-baa49b889406,01/01/2023,01/02/2023,100,EUR,,West Carliland apartment,,
350c4775-7fa6-41e7-9dae-24af97312112,01/01/2023,01/02/2023,100,EUR,,Hazelmouth apartment,,
76f138c4-37eb-43fe-a4c2-df125e60183c,01/01/2023,01/02/2023,100,EUR,,Trantowshire apartment,,
5c106cde-3600-4052-98f1-4d9c3d614ace,01/01/2023,01/02/2023,100,EUR,,Lake Keeganfurt apartment,,
b54d7bdd-6d53-4c91-b818-c195d6bdacf3,01/01/2023,01/02/2023,100,EUR,,North Brendaborough apartment,,
a3e3a548-258e-4aaf-8d40-bfa94e1d036c,01/01/2023,01/02/2023,100,EUR,,Jacobishire apartment,,
a90d4372-c933-484a-9f25-2bd3f0999d4c,01/01/2023,01/02/2023,100,EUR,,Prohaskabury apartment,,
a2809b5d-be3e-41a1-8361-f1e55f2a79ed,01/01/2023,01/02/2023,100,EUR,,South Rosalindstad apartment,,
3e08f2f8-2727-496b-a517-53c7a32627cc,01/01/2023,01/02/2023,100,EUR,,Alessandramouth apartment,,
06f1fe94-abb6-41f4-a50c-a39b36bfc2db,01/01/2023,01/02/2023,100,EUR,,West Pinkmouth apartment,,
930738f5-13f0-4a1d-998e-88838c149145,01/01/2023,01/02/2023,100,EUR,,West Daishaborough apartment,,
8a6f5fdc-a853-4a60-9b6e-4b23c0259ae1,01/01/2023,01/02/2023,100,EUR,,East Glennieport apartment,,
824d8c22-5862-43a4-af11-5fd38313c9ab,01/01/2023,01/02/2023,100,EUR,,New Dorisside apartment,,
7f4d3a99-e95c-43d7-82e2-1c5061c770e2,01/01/2023,01/02/2023,100,EUR,,Keeleyhaven apartment,,
00a132a2-2c9b-4993-833d-b8c6d945580a,01/01/2023,01/02/2023,100,EUR,,Elliottbury apartment,,
d01a2c21-8da7-412f-a615-81f64d0bfa5d,01/01/2023,01/02/2023,100,EUR,,New Coraville apartment,,
252f7ec0-0f62-4943-8a63-893a0c9ab829,01/01/2023,01/02/2023,100,EUR,,North Lizethmouth apartment,,
fea68183-74d7-477b-8fbc-d801af44dafc,01/01/2023,01/02/2023,100,EUR,,Meggieton apartment,,
c09ac2a5-0ace-45ee-854e-e63e1fa618cf,01/01/2023,01/02/2023,100,EUR,,New Dale apartment,,
1d5365d8-ffc4-4d81-8445-2fb3474e1cc2,01/01/2023,01/02/2023,100,EUR,,North Jana apartment,,
89c1804d-1c92-4a35-8ec9-4f194a5ad58b,01/01/2023,01/02/2023,100,EUR,,Jazlynport apartment,,
472d3240-7410-4e85-9df0-1c5ee113fe59,01/01/2023,01/02/2023,100,EUR,,Jillianmouth apartment,,
fe8d8848-587d-4637-ba2f-cc25c04979f5,01/01/2023,01/02/2023,100,EUR,,South Damionfurt apartment,,
335ded81-a3a0-412a-a0a3-df3f00ee3c8f,01/01/2023,01/02/2023,100,EUR,,Turnerburgh apartment,,
d1f14320-80fc-4069-8d5b-23da3a2abfa6,01/01/2023,01/02/2023,100,EUR,,East Sylviaville apartment,,
708b2b12-3d07-41ed-a2a1-b05b1fae6d01,01/01/2023,01/02/2023,100,EUR,,Orentown apartment,,
724e97a5-01b8-4481-b4f5-c1bd11b985f7,01/01/2023,01/02/2023,100,EUR,,Julianhaven apartment,,
f4d48a43-e403-4e92-9ba1-76c12666e492,01/01/2023,01/02/2023,100,EUR,,Christiansenview apartment,,
30f78ebe-771d-41c1-bbdc-522ce937de74,01/01/2023,01/02/2023,100,EUR,,New Jannieside apartment,,
f4984916-b4fe-4a7d-bd7a-012b4227a05b,01/01/2023,01/02/2023,100,EUR,,Trompbury apartment,,
1253f352-a071-4ad4-8917-9544db1fc5e6,01/01/2023,01/02/2023,100,EUR,,Lynchchester apartment,,
42f050c7-ee45-4c69-82ea-2ee65928e80f,01/01/2023,01/02/2023,100,EUR,,Kihntown apartment,,
a90db246-a69b-4555-b65b-1e28e68a1d98,01/01/2023,01/02/2023,100,EUR,,Lake Makayla apartment,,
2ba75b62-d5a0-4354-99a4-463ef141ea22,01/01/2023,01/02/2023,100,EUR,,East Susannabury apartment,,
